Match ID,Stat,Who,Points
4jWxlnCt,Game Link,https://www.flashscore.com/match/4jWxlnCt/#/match-summary/match-statistics/0,4jWxlnCt
4jWxlnCt,Winner,Ian White,100
4jWxlnCt,Loser,Ritchie Edhouse,
4jWxlnCt,Max Checkout,Ian White,50
4jWxlnCt,Most 180s,Ian White,50
4jWxlnCt,Total 180s,3,
4jWxlnCt,9-Dart Finish,,250
4jWxlnCt,Highest Average,Ian White,50
4jWxlnCt,Legs Winner,Ian White,200
4jWxlnCt,Legs Loser,Ritchie Edhouse,120
4jWxlnCt,Ian White,2.0,
4jWxlnCt,Ritchie Edhouse,1.0,
fwzbaLbJ,Game Link,https://www.flashscore.com/match/fwzbaLbJ/#/match-summary/match-statistics/0,fwzbaLbJ
fwzbaLbJ,Winner,Joe Cullen,100
fwzbaLbJ,Loser,Wessel Nijman,
fwzbaLbJ,Max Checkout,Wessel Nijman,50
fwzbaLbJ,Most 180s,Joe Cullen,50
fwzbaLbJ,Total 180s,13,
fwzbaLbJ,9-Dart Finish,,250
fwzbaLbJ,Highest Average,Joe Cullen,50
fwzbaLbJ,Legs Winner,Joe Cullen,180
fwzbaLbJ,Legs Loser,Wessel Nijman,80
fwzbaLbJ,Joe Cullen,8.0,
fwzbaLbJ,Wessel Nijman,5.0,
4Cecmgft,Game Link,https://www.flashscore.com/match/4Cecmgft/#/match-summary/match-statistics/0,4Cecmgft
4Cecmgft,Winner,Madars Razma,100
4Cecmgft,Loser,Dirk van Duijvenbode,
4Cecmgft,Max Checkout,Dirk van Duijvenbode,50
4Cecmgft,Most 180s,Madars Razma,50
4Cecmgft,Total 180s,6,
4Cecmgft,9-Dart Finish,,250
4Cecmgft,Highest Average,Madars Razma,50
4Cecmgft,Legs Winner,Madars Razma,180
4Cecmgft,Legs Loser,Dirk van Duijvenbode,140
4Cecmgft,Madars Razma,4.0,
4Cecmgft,Dirk van Duijvenbode,2.0,
O4AdEmP0,Game Link,https://www.flashscore.com/match/O4AdEmP0/#/match-summary/match-statistics/0,O4AdEmP0
O4AdEmP0,Winner,Ryan Searle,100
O4AdEmP0,Loser,Matt Campbell,
O4AdEmP0,Max Checkout,Ryan Searle,50
O4AdEmP0,Most 180s,Ryan Searle,50
O4AdEmP0,Total 180s,5,
O4AdEmP0,9-Dart Finish,,250
O4AdEmP0,Highest Average,Ryan Searle,50
O4AdEmP0,Legs Winner,Ryan Searle,180
O4AdEmP0,Legs Loser,Matt Campbell,20
O4AdEmP0,Ryan Searle,4.0,
O4AdEmP0,Matt Campbell,1.0,
ED33FUv0,Game Link,https://www.flashscore.com/match/ED33FUv0/#/match-summary/match-statistics/0,ED33FUv0
ED33FUv0,Winner,Damon Heta,100
ED33FUv0,Loser,Connor Scutt,
ED33FUv0,Max Checkout,Damon Heta,50
ED33FUv0,Most 180s,Connor Scutt,50
ED33FUv0,Total 180s,11,
ED33FUv0,9-Dart Finish,,250
ED33FUv0,Highest Average,Connor Scutt,50
ED33FUv0,Legs Winner,Damon Heta,220
ED33FUv0,Legs Loser,Connor Scutt,100
ED33FUv0,Damon Heta,5.0,
ED33FUv0,Connor Scutt,6.0,
xKA4Rssf,Game Link,https://www.flashscore.com/match/xKA4Rssf/#/match-summary/match-statistics/0,xKA4Rssf
xKA4Rssf,Winner,Luke Littler,100
xKA4Rssf,Loser,Ryan Meikle,
xKA4Rssf,Max Checkout,Luke Littler,50
xKA4Rssf,Most 180s,Luke Littler,50
xKA4Rssf,Total 180s,14,
xKA4Rssf,9-Dart Finish,,250
xKA4Rssf,Highest Average,Luke Littler,50
xKA4Rssf,Legs Winner,Luke Littler,200
xKA4Rssf,Legs Loser,Ryan Meikle,120
xKA4Rssf,Luke Littler,10.0,
xKA4Rssf,Ryan Meikle,4.0,
AZVYLvR9,Game Link,https://www.flashscore.com/match/AZVYLvR9/#/match-summary/match-statistics/0,AZVYLvR9
AZVYLvR9,Winner,Nick Kenny,100
AZVYLvR9,Loser,Raymond van Barneveld,
AZVYLvR9,Max Checkout,Nick Kenny,50
AZVYLvR9,Most 180s,Nick Kenny,50
AZVYLvR9,Total 180s,7,
AZVYLvR9,9-Dart Finish,,250
AZVYLvR9,Highest Average,Nick Kenny,50
AZVYLvR9,Legs Winner,Nick Kenny,180
AZVYLvR9,Legs Loser,Raymond van Barneveld,160
AZVYLvR9,Nick Kenny,4.0,
AZVYLvR9,Raymond van Barneveld,3.0,
vTbQnued,Game Link,https://www.flashscore.com/match/vTbQnued/#/match-summary/match-statistics/0,vTbQnued
vTbQnued,Winner,Ryan Joyce,100
vTbQnued,Loser,Danny Noppert,
vTbQnued,Max Checkout,Ryan Joyce,50
vTbQnued,Most 180s,Danny Noppert,50
vTbQnued,Total 180s,9,
vTbQnued,9-Dart Finish,,250
vTbQnued,Highest Average,Danny Noppert,50
vTbQnued,Legs Winner,Ryan Joyce,200
vTbQnued,Legs Loser,Danny Noppert,160
vTbQnued,Ryan Joyce,1.0,
vTbQnued,Danny Noppert,8.0,
CnGvKO4T,Game Link,https://www.flashscore.com/match/CnGvKO4T/#/match-summary/match-statistics/0,CnGvKO4T
CnGvKO4T,Winner,Chris Dobey,100
CnGvKO4T,Loser,Alexander Merkx,
CnGvKO4T,Max Checkout,Chris Dobey,50
CnGvKO4T,Most 180s,Chris Dobey,50
CnGvKO4T,Total 180s,7,
CnGvKO4T,9-Dart Finish,,250
CnGvKO4T,Highest Average,Chris Dobey,50
CnGvKO4T,Legs Winner,Chris Dobey,180
CnGvKO4T,Legs Loser,Alexander Merkx,100
CnGvKO4T,Chris Dobey,6.0,
CnGvKO4T,Alexander Merkx,1.0,
hGQiTVnJ,Game Link,https://www.flashscore.com/match/hGQiTVnJ/#/match-summary/match-statistics/0,hGQiTVnJ
hGQiTVnJ,Winner,Brendan Dolan,100
hGQiTVnJ,Loser,Lok,
hGQiTVnJ,Max Checkout,Brendan Dolan,50
hGQiTVnJ,Most 180s,Brendan Dolan,50
hGQiTVnJ,Total 180s,6,
hGQiTVnJ,9-Dart Finish,,250
hGQiTVnJ,Highest Average,Brendan Dolan,50
hGQiTVnJ,Legs Winner,Brendan Dolan,180
hGQiTVnJ,Legs Loser,Lok,60
hGQiTVnJ,Brendan Dolan,5.0,
hGQiTVnJ,Lok,1.0,
pzucJyDs,Game Link,https://www.flashscore.com/match/pzucJyDs/#/match-summary/match-statistics/0,pzucJyDs
pzucJyDs,Winner,Alexis Toylo,100
pzucJyDs,Loser,Richard Veenstra,
pzucJyDs,Max Checkout,Alexis Toylo,50
pzucJyDs,Most 180s,Alexis Toylo,50
pzucJyDs,Total 180s,5,
pzucJyDs,9-Dart Finish,,250
pzucJyDs,Highest Average,Alexis Toylo,50
pzucJyDs,Legs Winner,Alexis Toylo,180
pzucJyDs,Legs Loser,Richard Veenstra,120
pzucJyDs,Alexis Toylo,3.0,
pzucJyDs,Richard Veenstra,2.0,
29OOTqXG,Game Link,https://www.flashscore.com/match/29OOTqXG/#/match-summary/match-statistics/0,29OOTqXG
29OOTqXG,Winner,Rhys Griffin,100
29OOTqXG,Loser,Karel Sedlacek,
29OOTqXG,Max Checkout,Karel Sedlacek,50
29OOTqXG,Most 180s,Rhys Griffin,50
29OOTqXG,Total 180s,11,
29OOTqXG,9-Dart Finish,,250
29OOTqXG,Highest Average,Rhys Griffin,50
29OOTqXG,Legs Winner,Rhys Griffin,180
29OOTqXG,Legs Loser,Karel Sedlacek,80
29OOTqXG,Rhys Griffin,8.0,
29OOTqXG,Karel Sedlacek,3.0,
vNwsUJVH,Game Link,https://www.flashscore.com/match/vNwsUJVH/#/match-summary/match-statistics/0,vNwsUJVH
vNwsUJVH,Winner,Michael van Gerwen,100
vNwsUJVH,Loser,James Hurrell,
vNwsUJVH,Max Checkout,James Hurrell,50
vNwsUJVH,Most 180s,Michael van Gerwen,50
vNwsUJVH,Total 180s,6,
vNwsUJVH,9-Dart Finish,,250
vNwsUJVH,Highest Average,Michael van Gerwen,50
vNwsUJVH,Legs Winner,Michael van Gerwen,180
vNwsUJVH,Legs Loser,James Hurrell,60
vNwsUJVH,Michael van Gerwen,5.0,
vNwsUJVH,James Hurrell,1.0,
6eAlp5Hc,Game Link,https://www.flashscore.com/match/6eAlp5Hc/#/match-summary/match-statistics/0,6eAlp5Hc
6eAlp5Hc,Winner,Dylan Slevin,100
6eAlp5Hc,Loser,William O'Connor,
6eAlp5Hc,Max Checkout,Dylan Slevin,50
6eAlp5Hc,Most 180s,Dylan Slevin,50
6eAlp5Hc,Total 180s,6,
6eAlp5Hc,9-Dart Finish,,250
6eAlp5Hc,Highest Average,Dylan Slevin,50
6eAlp5Hc,Legs Winner,Dylan Slevin,200
6eAlp5Hc,Legs Loser,William O'Connor,160
6eAlp5Hc,Dylan Slevin,4.0,
6eAlp5Hc,William O'Connor,2.0,
6sVFV524,Game Link,https://www.flashscore.com/match/6sVFV524/#/match-summary/match-statistics/0,6sVFV524
6sVFV524,Winner,Florian Hempel,100
6sVFV524,Loser,Jeffrey de Zwaan,
6sVFV524,Max Checkout,Florian Hempel,50
6sVFV524,Most 180s,Both,50
6sVFV524,Total 180s,14,
6sVFV524,9-Dart Finish,,250
6sVFV524,Highest Average,Jeffrey de Zwaan,50
6sVFV524,Legs Winner,Florian Hempel,200
6sVFV524,Legs Loser,Jeffrey de Zwaan,100
6sVFV524,Florian Hempel,7.0,
6sVFV524,Jeffrey de Zwaan,7.0,
6sVFV524,Most 180s,Florian Hempel,50
6sVFV524,Most 180s,Jeffrey de Zwaan,50
zy25tNGM,Game Link,https://www.flashscore.com/match/zy25tNGM/#/match-summary/match-statistics/0,zy25tNGM
zy25tNGM,Winner,Michael Mansell,100
zy25tNGM,Loser,Tomoya Goto,
zy25tNGM,Max Checkout,Tomoya Goto,50
zy25tNGM,Most 180s,Tomoya Goto,50
zy25tNGM,Total 180s,3,
zy25tNGM,9-Dart Finish,,250
zy25tNGM,Highest Average,Tomoya Goto,50
zy25tNGM,Legs Winner,Michael Mansell,220
zy25tNGM,Legs Loser,Tomoya Goto,160
zy25tNGM,Michael Mansell,1.0,
zy25tNGM,Tomoya Goto,2.0,
ITMzEKmo,Game Link,https://www.flashscore.com/match/ITMzEKmo/#/match-summary/match-statistics/0,ITMzEKmo
ITMzEKmo,Winner,Stephen Bunting,100
ITMzEKmo,Loser,Kai Gotthardt,
ITMzEKmo,Max Checkout,Stephen Bunting,50
ITMzEKmo,Most 180s,Kai Gotthardt,50
ITMzEKmo,Total 180s,6,
ITMzEKmo,9-Dart Finish,,250
ITMzEKmo,Highest Average,Stephen Bunting,50
ITMzEKmo,Legs Winner,Stephen Bunting,200
ITMzEKmo,Legs Loser,Kai Gotthardt,100
ITMzEKmo,Stephen Bunting,2.0,
ITMzEKmo,Kai Gotthardt,4.0,
SAbcrqnA,Game Link,https://www.flashscore.com/match/SAbcrqnA/#/match-summary/match-statistics/0,SAbcrqnA
SAbcrqnA,Winner,Wessel Nijman,100
SAbcrqnA,Loser,Cameron Carolissen,
SAbcrqnA,Max Checkout,Wessel Nijman,50
SAbcrqnA,Most 180s,Wessel Nijman,50
SAbcrqnA,Total 180s,13,
SAbcrqnA,9-Dart Finish,,250
SAbcrqnA,Highest Average,Cameron Carolissen,50
SAbcrqnA,Legs Winner,Wessel Nijman,220
SAbcrqnA,Legs Loser,Cameron Carolissen,200
SAbcrqnA,Wessel Nijman,7.0,
SAbcrqnA,Cameron Carolissen,6.0,
v7BYISIb,Game Link,https://www.flashscore.com/match/v7BYISIb/#/match-summary/match-statistics/0,v7BYISIb
v7BYISIb,Winner,Alexander Merkx,100
v7BYISIb,Loser,Stephen Burton,
v7BYISIb,Max Checkout,Stephen Burton,50
v7BYISIb,Most 180s,Alexander Merkx,50
v7BYISIb,Total 180s,5,
v7BYISIb,9-Dart Finish,,250
v7BYISIb,Highest Average,Alexander Merkx,50
v7BYISIb,Legs Winner,Alexander Merkx,180
v7BYISIb,Legs Loser,Stephen Burton,80
v7BYISIb,Alexander Merkx,4.0,
v7BYISIb,Stephen Burton,1.0,
KhJ3KEfo,Game Link,https://www.flashscore.com/match/KhJ3KEfo/#/match-summary/match-statistics/0,KhJ3KEfo
KhJ3KEfo,Winner,Kevin Doets,100
KhJ3KEfo,Loser,Michael Smith,
KhJ3KEfo,Max Checkout,Michael Smith,50
KhJ3KEfo,Most 180s,Kevin Doets,50
KhJ3KEfo,Total 180s,13,
KhJ3KEfo,9-Dart Finish,,250
KhJ3KEfo,Highest Average,Michael Smith,50
KhJ3KEfo,Legs Winner,Kevin Doets,240
KhJ3KEfo,Legs Loser,Michael Smith,220
KhJ3KEfo,Kevin Doets,9.0,
KhJ3KEfo,Michael Smith,4.0,
QV7W2GS0,Game Link,https://www.flashscore.com/match/QV7W2GS0/#/match-summary/match-statistics/0,QV7W2GS0
QV7W2GS0,Winner,Scott Williams,100
QV7W2GS0,Loser,Niko Springer,
QV7W2GS0,Max Checkout,Niko Springer,50
QV7W2GS0,Most 180s,Scott Williams,50
QV7W2GS0,Total 180s,16,
QV7W2GS0,9-Dart Finish,,250
QV7W2GS0,Highest Average,Niko Springer,50
QV7W2GS0,Legs Winner,Scott Williams,180
QV7W2GS0,Legs Loser,Niko Springer,140
QV7W2GS0,Scott Williams,9.0,
QV7W2GS0,Niko Springer,7.0,
bDD5FgC6,Game Link,https://www.flashscore.com/match/bDD5FgC6/#/match-summary/match-statistics/0,bDD5FgC6
bDD5FgC6,Winner,Matt Campbell,100
bDD5FgC6,Loser,Mensur Suljovic,
bDD5FgC6,Max Checkout,Matt Campbell,50
bDD5FgC6,Most 180s,Both,50
bDD5FgC6,Total 180s,8,
bDD5FgC6,9-Dart Finish,,250
bDD5FgC6,Highest Average,Matt Campbell,50
bDD5FgC6,Legs Winner,Matt Campbell,260
bDD5FgC6,Legs Loser,Mensur Suljovic,160
bDD5FgC6,Matt Campbell,4.0,
bDD5FgC6,Mensur Suljovic,4.0,
bDD5FgC6,Most 180s,Matt Campbell,50
bDD5FgC6,Most 180s,Mensur Suljovic,50
numclHD7,Game Link,https://www.flashscore.com/match/numclHD7/#/match-summary/match-statistics/0,numclHD7
numclHD7,Winner,Nick Kenny,100
numclHD7,Loser,Stowe Buntz,
numclHD7,Max Checkout,Nick Kenny,50
numclHD7,Most 180s,Nick Kenny,50
numclHD7,Total 180s,5,
numclHD7,9-Dart Finish,,250
numclHD7,Highest Average,Nick Kenny,50
numclHD7,Legs Winner,Nick Kenny,180
numclHD7,Legs Loser,Stowe Buntz,80
numclHD7,Nick Kenny,3.0,
numclHD7,Stowe Buntz,2.0,
hObojEBl,Game Link,https://www.flashscore.com/match/hObojEBl/#/match-summary/match-statistics/0,hObojEBl
hObojEBl,Winner,Robert Owen,100
hObojEBl,Loser,Gabriel Clemens,
hObojEBl,Max Checkout,Gabriel Clemens,50
hObojEBl,Most 180s,Both,50
hObojEBl,Total 180s,6,
hObojEBl,9-Dart Finish,,250
hObojEBl,Highest Average,Robert Owen,50
hObojEBl,Legs Winner,Robert Owen,200
hObojEBl,Legs Loser,Gabriel Clemens,120
hObojEBl,Robert Owen,3.0,
hObojEBl,Gabriel Clemens,3.0,
hObojEBl,Most 180s,Robert Owen,50
hObojEBl,Most 180s,Gabriel Clemens,50
jmAcHFsf,Game Link,https://www.flashscore.com/match/jmAcHFsf/#/match-summary/match-statistics/0,jmAcHFsf
jmAcHFsf,Winner,Martin Lukeman,100
jmAcHFsf,Loser,Nitin Kumar,
jmAcHFsf,Max Checkout,Martin Lukeman,50
jmAcHFsf,Most 180s,Nitin Kumar,50
jmAcHFsf,Total 180s,5,
jmAcHFsf,9-Dart Finish,,250
jmAcHFsf,Highest Average,Martin Lukeman,50
jmAcHFsf,Legs Winner,Martin Lukeman,220
jmAcHFsf,Legs Loser,Nitin Kumar,120
jmAcHFsf,Martin Lukeman,2.0,
jmAcHFsf,Nitin Kumar,3.0,
f733M1Pj,Game Link,https://www.flashscore.com/match/f733M1Pj/#/match-summary/match-statistics/0,f733M1Pj
f733M1Pj,Winner,Callan Rydz,100
f733M1Pj,Loser,Romeo Grbavac,
f733M1Pj,Max Checkout,Romeo Grbavac,50
f733M1Pj,Most 180s,Callan Rydz,50
f733M1Pj,Total 180s,3,
f733M1Pj,9-Dart Finish,,250
f733M1Pj,Highest Average,Callan Rydz,50
f733M1Pj,Legs Winner,Callan Rydz,180
f733M1Pj,Legs Loser,Romeo Grbavac,40
f733M1Pj,Callan Rydz,3.0,
f733M1Pj,Romeo Grbavac,0.0,
SYtpZv9d,Game Link,https://www.flashscore.com/match/SYtpZv9d/#/match-summary/match-statistics/0,SYtpZv9d
SYtpZv9d,Winner,Lok,100
SYtpZv9d,Loser,Chris Landman,
SYtpZv9d,Max Checkout,Lok,50
SYtpZv9d,Most 180s,Chris Landman,50
SYtpZv9d,Total 180s,2,
SYtpZv9d,9-Dart Finish,,250
SYtpZv9d,Highest Average,Lok,50
SYtpZv9d,Legs Winner,Lok,220
SYtpZv9d,Legs Loser,Chris Landman,60
SYtpZv9d,Lok,0.0,
SYtpZv9d,Chris Landman,2.0,
dAzOdvof,Game Link,https://www.flashscore.com/match/dAzOdvof/#/match-summary/match-statistics/0,dAzOdvof
dAzOdvof,Winner,Nathan Aspinall,100
dAzOdvof,Loser,Leonard Gates,
dAzOdvof,Max Checkout,Nathan Aspinall,50
dAzOdvof,Most 180s,Leonard Gates,50
dAzOdvof,Total 180s,8,
dAzOdvof,9-Dart Finish,,250
dAzOdvof,Highest Average,Nathan Aspinall,50
dAzOdvof,Legs Winner,Nathan Aspinall,220
dAzOdvof,Legs Loser,Leonard Gates,140
dAzOdvof,Nathan Aspinall,3.0,
dAzOdvof,Leonard Gates,5.0,
fLrxy1vp,Game Link,https://www.flashscore.com/match/fLrxy1vp/#/match-summary/match-statistics/0,fLrxy1vp
fLrxy1vp,Winner,Ricky Evans,100
fLrxy1vp,Loser,Gordon Mathers,
fLrxy1vp,Max Checkout,Ricky Evans,50
fLrxy1vp,Most 180s,Ricky Evans,50
fLrxy1vp,Total 180s,11,
fLrxy1vp,9-Dart Finish,,250
fLrxy1vp,Highest Average,Gordon Mathers,50
fLrxy1vp,Legs Winner,Ricky Evans,200
fLrxy1vp,Legs Loser,Gordon Mathers,180
fLrxy1vp,Ricky Evans,6.0,
fLrxy1vp,Gordon Mathers,5.0,
4dethaEr,Game Link,https://www.flashscore.com/match/4dethaEr/#/match-summary/match-statistics/0,4dethaEr
4dethaEr,Winner,Madars Razma,100
4dethaEr,Loser,Christian Kist,
4dethaEr,Max Checkout,Christian Kist,50
4dethaEr,Most 180s,Christian Kist,50
4dethaEr,Total 180s,12,
4dethaEr,9-Dart Finish,Christiaan Kist,250
4dethaEr,Highest Average,Christian Kist,50
4dethaEr,Legs Winner,Madars Razma,220
4dethaEr,Legs Loser,Christian Kist,140
4dethaEr,Madars Razma,5.0,
4dethaEr,Christian Kist,7.0,
zNMWRN1T,Game Link,https://www.flashscore.com/match/zNMWRN1T/#/match-summary/match-statistics/0,zNMWRN1T
zNMWRN1T,Winner,Paolo Nebrida,100
zNMWRN1T,Loser,Jim Williams,
zNMWRN1T,Max Checkout,Jim Williams,50
zNMWRN1T,Most 180s,Jim Williams,50
zNMWRN1T,Total 180s,7,
zNMWRN1T,9-Dart Finish,,250
zNMWRN1T,Highest Average,Jim Williams,50
zNMWRN1T,Legs Winner,Paolo Nebrida,200
zNMWRN1T,Legs Loser,Jim Williams,220
zNMWRN1T,Paolo Nebrida,1.0,
zNMWRN1T,Jim Williams,6.0,
OSpqDp2b,Game Link,https://www.flashscore.com/match/OSpqDp2b/#/match-summary/match-statistics/0,OSpqDp2b
OSpqDp2b,Winner,Peter Wright,100
OSpqDp2b,Loser,Wesley Plaisier,
OSpqDp2b,Max Checkout,Wesley Plaisier,50
OSpqDp2b,Most 180s,Peter Wright,50
OSpqDp2b,Total 180s,7,
OSpqDp2b,9-Dart Finish,,250
OSpqDp2b,Highest Average,Wesley Plaisier,50
OSpqDp2b,Legs Winner,Peter Wright,180
OSpqDp2b,Legs Loser,Wesley Plaisier,180
OSpqDp2b,Peter Wright,4.0,
OSpqDp2b,Wesley Plaisier,3.0,
4GJN4xbl,Game Link,https://www.flashscore.com/match/4GJN4xbl/#/match-summary/match-statistics/0,4GJN4xbl
4GJN4xbl,Winner,Ryan Meikle,100
4GJN4xbl,Loser,Fallon Sherrock,
4GJN4xbl,Max Checkout,Ryan Meikle,50
4GJN4xbl,Most 180s,Fallon Sherrock,50
4GJN4xbl,Total 180s,7,
4GJN4xbl,9-Dart Finish,,250
4GJN4xbl,Highest Average,Ryan Meikle,50
4GJN4xbl,Legs Winner,Ryan Meikle,220
4GJN4xbl,Legs Loser,Fallon Sherrock,140
4GJN4xbl,Ryan Meikle,3.0,
4GJN4xbl,Fallon Sherrock,4.0,
6HoPdr13,Game Link,https://www.flashscore.com/match/6HoPdr13/#/match-summary/match-statistics/0,6HoPdr13
6HoPdr13,Winner,Ricardo Pietreczko,100
6HoPdr13,Loser,Xiao Chen Zong,
6HoPdr13,Max Checkout,Ricardo Pietreczko,50
6HoPdr13,Most 180s,Ricardo Pietreczko,50
6HoPdr13,Total 180s,7,
6HoPdr13,9-Dart Finish,,250
6HoPdr13,Highest Average,Ricardo Pietreczko,50
6HoPdr13,Legs Winner,Ricardo Pietreczko,180
6HoPdr13,Legs Loser,Xiao Chen Zong,60
6HoPdr13,Ricardo Pietreczko,4.0,
6HoPdr13,Xiao Chen Zong,3.0,
zcwtg00S,Game Link,https://www.flashscore.com/match/zcwtg00S/#/match-summary/match-statistics/0,zcwtg00S
zcwtg00S,Winner,Jeffrey de Graaf,100
zcwtg00S,Loser,Rashad Sweeting,
zcwtg00S,Max Checkout,Rashad Sweeting,50
zcwtg00S,Most 180s,Both,50
zcwtg00S,Total 180s,6,
zcwtg00S,9-Dart Finish,,250
zcwtg00S,Highest Average,Jeffrey de Graaf,50
zcwtg00S,Legs Winner,Jeffrey de Graaf,200
zcwtg00S,Legs Loser,Rashad Sweeting,120
zcwtg00S,Jeffrey de Graaf,3.0,
zcwtg00S,Rashad Sweeting,3.0,
zcwtg00S,Most 180s,Jeffrey de Graaf,50
zcwtg00S,Most 180s,Rashad Sweeting,50
IkCjmIqS,Game Link,https://www.flashscore.com/match/IkCjmIqS/#/match-summary/match-statistics/0,IkCjmIqS
IkCjmIqS,Winner,Luke Woodhouse,100
IkCjmIqS,Loser,Mike De Decker,
IkCjmIqS,Max Checkout,Luke Woodhouse,50
IkCjmIqS,Most 180s,Luke Woodhouse,50
IkCjmIqS,Total 180s,7,
IkCjmIqS,9-Dart Finish,,250
IkCjmIqS,Highest Average,Luke Woodhouse,50
IkCjmIqS,Legs Winner,Luke Woodhouse,180
IkCjmIqS,Legs Loser,Mike De Decker,100
IkCjmIqS,Luke Woodhouse,4.0,
IkCjmIqS,Mike De Decker,3.0,
YeBv1fcD,Game Link,https://www.flashscore.com/match/YeBv1fcD/#/match-summary/match-statistics/0,YeBv1fcD
YeBv1fcD,Winner,Ryan Joyce,100
YeBv1fcD,Loser,Darius Labanauskas,
YeBv1fcD,Max Checkout,Ryan Joyce,50
YeBv1fcD,Most 180s,Darius Labanauskas,50
YeBv1fcD,Total 180s,5,
YeBv1fcD,9-Dart Finish,,250
YeBv1fcD,Highest Average,Ryan Joyce,50
YeBv1fcD,Legs Winner,Ryan Joyce,180
YeBv1fcD,Legs Loser,Darius Labanauskas,100
YeBv1fcD,Ryan Joyce,2.0,
YeBv1fcD,Darius Labanauskas,3.0,
p8IPKlln,Game Link,https://www.flashscore.com/match/p8IPKlln/#/match-summary/match-statistics/0,p8IPKlln
p8IPKlln,Winner,Kevin Doets,100
p8IPKlln,Loser,Noa-Lynn van Leuven,
p8IPKlln,Max Checkout,Noa-Lynn van Leuven,50
p8IPKlln,Most 180s,Noa-Lynn van Leuven,50
p8IPKlln,Total 180s,9,
p8IPKlln,9-Dart Finish,,250
p8IPKlln,Highest Average,Kevin Doets,50
p8IPKlln,Legs Winner,Kevin Doets,200
p8IPKlln,Legs Loser,Noa-Lynn van Leuven,140
p8IPKlln,Kevin Doets,3.0,
p8IPKlln,Noa-Lynn van Leuven,6.0,
KQW7XRXi,Game Link,https://www.flashscore.com/match/KQW7XRXi/#/match-summary/match-statistics/0,KQW7XRXi
KQW7XRXi,Winner,James Hurrell,100
KQW7XRXi,Loser,Jim Long,
KQW7XRXi,Max Checkout,James Hurrell,50
KQW7XRXi,Most 180s,James Hurrell,50
KQW7XRXi,Total 180s,4,
KQW7XRXi,9-Dart Finish,,250
KQW7XRXi,Highest Average,James Hurrell,50
KQW7XRXi,Legs Winner,James Hurrell,180
KQW7XRXi,Legs Loser,Jim Long,20
KQW7XRXi,James Hurrell,3.0,
KQW7XRXi,Jim Long,1.0,
jB2pJUEr,Game Link,https://www.flashscore.com/match/jB2pJUEr/#/match-summary/match-statistics/0,jB2pJUEr
jB2pJUEr,Winner,Gerwyn Price,100
jB2pJUEr,Loser,Keane Barry,
jB2pJUEr,Max Checkout,Keane Barry,50
jB2pJUEr,Most 180s,Both,50
jB2pJUEr,Total 180s,2,
jB2pJUEr,9-Dart Finish,,250
jB2pJUEr,Highest Average,Gerwyn Price,50
jB2pJUEr,Legs Winner,Gerwyn Price,180
jB2pJUEr,Legs Loser,Keane Barry,40
jB2pJUEr,Gerwyn Price,1.0,
jB2pJUEr,Keane Barry,1.0,
jB2pJUEr,Most 180s,Gerwyn Price,50
jB2pJUEr,Most 180s,Keane Barry,50
z1TiAbzR,Game Link,https://www.flashscore.com/match/z1TiAbzR/#/match-summary/match-statistics/0,z1TiAbzR
z1TiAbzR,Winner,Leonard Gates,100
z1TiAbzR,Loser,Cameron Menzies,
z1TiAbzR,Max Checkout,Leonard Gates,50
z1TiAbzR,Most 180s,Both,50
z1TiAbzR,Total 180s,10,
z1TiAbzR,9-Dart Finish,,250
z1TiAbzR,Highest Average,Cameron Menzies,50
z1TiAbzR,Legs Winner,Leonard Gates,220
z1TiAbzR,Legs Loser,Cameron Menzies,100
z1TiAbzR,Leonard Gates,5.0,
z1TiAbzR,Cameron Menzies,5.0,
z1TiAbzR,Most 180s,Leonard Gates,50
z1TiAbzR,Most 180s,Cameron Menzies,50
EskXfMVF,Game Link,https://www.flashscore.com/match/EskXfMVF/#/match-summary/match-statistics/0,EskXfMVF
EskXfMVF,Winner,Connor Scutt,100
EskXfMVF,Loser,Ben Robb,
EskXfMVF,Max Checkout,Connor Scutt,50
EskXfMVF,Most 180s,Connor Scutt,50
EskXfMVF,Total 180s,4,
EskXfMVF,9-Dart Finish,,250
EskXfMVF,Highest Average,Connor Scutt,50
EskXfMVF,Legs Winner,Connor Scutt,180
EskXfMVF,Legs Loser,Ben Robb,20
EskXfMVF,Connor Scutt,4.0,
EskXfMVF,Ben Robb,0.0,
vVgL9Ouo,Game Link,https://www.flashscore.com/match/vVgL9Ouo/#/match-summary/match-statistics/0,vVgL9Ouo
vVgL9Ouo,Winner,Robert Owen,100
vVgL9Ouo,Loser,Niels Zonneveld,
vVgL9Ouo,Max Checkout,Niels Zonneveld,50
vVgL9Ouo,Most 180s,Niels Zonneveld,50
vVgL9Ouo,Total 180s,8,
vVgL9Ouo,9-Dart Finish,,250
vVgL9Ouo,Highest Average,Niels Zonneveld,50
vVgL9Ouo,Legs Winner,Robert Owen,180
vVgL9Ouo,Legs Loser,Niels Zonneveld,160
vVgL9Ouo,Robert Owen,3.0,
vVgL9Ouo,Niels Zonneveld,5.0,
Odn4wa0c,Game Link,https://www.flashscore.com/match/Odn4wa0c/#/match-summary/match-statistics/0,Odn4wa0c
Odn4wa0c,Winner,Jermaine Wattimena,100
Odn4wa0c,Loser,James Wade,
Odn4wa0c,Max Checkout,Jermaine Wattimena,50
Odn4wa0c,Most 180s,Jermaine Wattimena,50
Odn4wa0c,Total 180s,3,
Odn4wa0c,9-Dart Finish,,250
Odn4wa0c,Highest Average,Jermaine Wattimena,50
Odn4wa0c,Legs Winner,Jermaine Wattimena,180
Odn4wa0c,Legs Loser,James Wade,40
Odn4wa0c,Jermaine Wattimena,2.0,
Odn4wa0c,James Wade,1.0,
KOJ9cLjL,Game Link,https://www.flashscore.com/match/KOJ9cLjL/#/match-summary/match-statistics/0,KOJ9cLjL
KOJ9cLjL,Winner,Kai Gotthardt,100
KOJ9cLjL,Loser,Alan Soutar,
KOJ9cLjL,Max Checkout,Alan Soutar,50
KOJ9cLjL,Most 180s,Kai Gotthardt,50
KOJ9cLjL,Total 180s,5,
KOJ9cLjL,9-Dart Finish,,250
KOJ9cLjL,Highest Average,Kai Gotthardt,50
KOJ9cLjL,Legs Winner,Kai Gotthardt,220
KOJ9cLjL,Legs Loser,Alan Soutar,120
KOJ9cLjL,Kai Gotthardt,3.0,
KOJ9cLjL,Alan Soutar,2.0,
vZZrCK5E,Game Link,https://www.flashscore.com/match/vZZrCK5E/#/match-summary/match-statistics/0,vZZrCK5E
vZZrCK5E,Winner,Luke Woodhouse,100
vZZrCK5E,Loser,Lourence Ilagan,
vZZrCK5E,Max Checkout,Luke Woodhouse,50
vZZrCK5E,Most 180s,Luke Woodhouse,50
vZZrCK5E,Total 180s,5,
vZZrCK5E,9-Dart Finish,,250
vZZrCK5E,Highest Average,Luke Woodhouse,50
vZZrCK5E,Legs Winner,Luke Woodhouse,180
vZZrCK5E,Legs Loser,Lourence Ilagan,40
vZZrCK5E,Luke Woodhouse,4.0,
vZZrCK5E,Lourence Ilagan,1.0,
KS1EDXtJ,Game Link,https://www.flashscore.com/match/KS1EDXtJ/#/match-summary/match-statistics/0,KS1EDXtJ
KS1EDXtJ,Winner,Wesley Plaisier,100
KS1EDXtJ,Loser,Ryusei Azemoto,
KS1EDXtJ,Max Checkout,Ryusei Azemoto,50
KS1EDXtJ,Most 180s,Wesley Plaisier,50
KS1EDXtJ,Total 180s,3,
KS1EDXtJ,9-Dart Finish,,250
KS1EDXtJ,Highest Average,Wesley Plaisier,50
KS1EDXtJ,Legs Winner,Wesley Plaisier,220
KS1EDXtJ,Legs Loser,Ryusei Azemoto,180
KS1EDXtJ,Wesley Plaisier,3.0,
KS1EDXtJ,Ryusei Azemoto,0.0,
CIIoLHpT,Game Link,https://www.flashscore.com/match/CIIoLHpT/#/match-summary/match-statistics/0,CIIoLHpT
CIIoLHpT,Winner,Luke Humphries,100
CIIoLHpT,Loser,Thibault Tricole,
CIIoLHpT,Max Checkout,Luke Humphries,50
CIIoLHpT,Most 180s,Both,50
CIIoLHpT,Total 180s,4,
CIIoLHpT,9-Dart Finish,,250
CIIoLHpT,Highest Average,Luke Humphries,50
CIIoLHpT,Legs Winner,Luke Humphries,180
CIIoLHpT,Legs Loser,Thibault Tricole,0
CIIoLHpT,Luke Humphries,2.0,
CIIoLHpT,Thibault Tricole,2.0,
CIIoLHpT,Most 180s,Luke Humphries,50
CIIoLHpT,Most 180s,Thibault Tricole,50
8n3kFpIN,Game Link,https://www.flashscore.com/match/8n3kFpIN/#/match-summary/match-statistics/0,8n3kFpIN
8n3kFpIN,Winner,Keane Barry,100
8n3kFpIN,Loser,Kim Huybrechts,
8n3kFpIN,Max Checkout,Keane Barry,50
8n3kFpIN,Most 180s,Kim Huybrechts,50
8n3kFpIN,Total 180s,17,
8n3kFpIN,9-Dart Finish,,250
8n3kFpIN,Highest Average,Kim Huybrechts,50
8n3kFpIN,Legs Winner,Keane Barry,220
8n3kFpIN,Legs Loser,Kim Huybrechts,140
8n3kFpIN,Keane Barry,7.0,
8n3kFpIN,Kim Huybrechts,10.0,
CbG1asM8,Game Link,https://www.flashscore.com/match/CbG1asM8/#/match-summary/match-statistics/0,CbG1asM8
CbG1asM8,Winner,Jermaine Wattimena,100
CbG1asM8,Loser,Stefan Bellmont,
CbG1asM8,Max Checkout,Jermaine Wattimena,50
CbG1asM8,Most 180s,Stefan Bellmont,50
CbG1asM8,Total 180s,7,
CbG1asM8,9-Dart Finish,,250
CbG1asM8,Highest Average,Jermaine Wattimena,50
CbG1asM8,Legs Winner,Jermaine Wattimena,180
CbG1asM8,Legs Loser,Stefan Bellmont,80
CbG1asM8,Jermaine Wattimena,2.0,
CbG1asM8,Stefan Bellmont,5.0,
jDgljwqe,Game Link,https://www.flashscore.com/match/jDgljwqe/#/match-summary/match-statistics/0,jDgljwqe
jDgljwqe,Winner,Thibault Tricole,100
jDgljwqe,Loser,Joe Comito,
jDgljwqe,Max Checkout,Thibault Tricole,50
jDgljwqe,Most 180s,Joe Comito,50
jDgljwqe,Total 180s,5,
jDgljwqe,9-Dart Finish,,250
jDgljwqe,Highest Average,Joe Comito,50
jDgljwqe,Legs Winner,Thibault Tricole,220
jDgljwqe,Legs Loser,Joe Comito,160
jDgljwqe,Thibault Tricole,2.0,
jDgljwqe,Joe Comito,3.0,
EkZS9SY7,Game Link,https://www.flashscore.com/match/EkZS9SY7/#/match-summary/match-statistics/0,EkZS9SY7
EkZS9SY7,Winner,Scott Williams,100
EkZS9SY7,Loser,Rob Cross,
EkZS9SY7,Max Checkout,Rob Cross,50
EkZS9SY7,Most 180s,Rob Cross,50
EkZS9SY7,Total 180s,10,
EkZS9SY7,9-Dart Finish,,250
EkZS9SY7,Highest Average,Rob Cross,50
EkZS9SY7,Legs Winner,Scott Williams,220
EkZS9SY7,Legs Loser,Rob Cross,160
EkZS9SY7,Scott Williams,4.0,
EkZS9SY7,Rob Cross,6.0,
YT0lHsRj,Game Link,https://www.flashscore.com/match/YT0lHsRj/#/match-summary/match-statistics/0,YT0lHsRj
YT0lHsRj,Winner,Ricky Evans,100
YT0lHsRj,Loser,Dave Chisnall,
YT0lHsRj,Max Checkout,Ricky Evans,50
YT0lHsRj,Most 180s,Ricky Evans,50
YT0lHsRj,Total 180s,9,
YT0lHsRj,9-Dart Finish,,250
YT0lHsRj,Highest Average,Dave Chisnall,50
YT0lHsRj,Legs Winner,Ricky Evans,260
YT0lHsRj,Legs Loser,Dave Chisnall,280
YT0lHsRj,Ricky Evans,5.0,
YT0lHsRj,Dave Chisnall,4.0,
6XJfWfFs,Game Link,https://www.flashscore.com/match/6XJfWfFs/#/match-summary/match-statistics/0,6XJfWfFs
6XJfWfFs,Winner,Daryl Gurney,100
6XJfWfFs,Loser,Florian Hempel,
6XJfWfFs,Max Checkout,Daryl Gurney,50
6XJfWfFs,Most 180s,Both,50
6XJfWfFs,Total 180s,10,
6XJfWfFs,9-Dart Finish,,250
6XJfWfFs,Highest Average,Daryl Gurney,50
6XJfWfFs,Legs Winner,Daryl Gurney,200
6XJfWfFs,Legs Loser,Florian Hempel,200
6XJfWfFs,Daryl Gurney,5.0,
6XJfWfFs,Florian Hempel,5.0,
6XJfWfFs,Most 180s,Daryl Gurney,50
6XJfWfFs,Most 180s,Florian Hempel,50
d2UlXCDF,Game Link,https://www.flashscore.com/match/d2UlXCDF/#/match-summary/match-statistics/0,d2UlXCDF
d2UlXCDF,Winner,Ricardo Pietreczko,100
d2UlXCDF,Loser,Gian van Veen,
d2UlXCDF,Max Checkout,Gian van Veen,50
d2UlXCDF,Most 180s,Ricardo Pietreczko,50
d2UlXCDF,Total 180s,3,
d2UlXCDF,9-Dart Finish,,250
d2UlXCDF,Highest Average,Gian van Veen,50
d2UlXCDF,Legs Winner,Ricardo Pietreczko,200
d2UlXCDF,Legs Loser,Gian van Veen,80
d2UlXCDF,Ricardo Pietreczko,2.0,
d2UlXCDF,Gian van Veen,1.0,
2uN83pOt,Game Link,https://www.flashscore.com/match/2uN83pOt/#/match-summary/match-statistics/0,2uN83pOt
2uN83pOt,Winner,Jonny Clayton,100
2uN83pOt,Loser,Michael Mansell,
2uN83pOt,Max Checkout,Michael Mansell,50
2uN83pOt,Most 180s,Jonny Clayton,50
2uN83pOt,Total 180s,7,
2uN83pOt,9-Dart Finish,,250
2uN83pOt,Highest Average,Jonny Clayton,50
2uN83pOt,Legs Winner,Jonny Clayton,300
2uN83pOt,Legs Loser,Michael Mansell,220
2uN83pOt,Jonny Clayton,6.0,
2uN83pOt,Michael Mansell,1.0,
EVzK9lmB,Game Link,https://www.flashscore.com/match/EVzK9lmB/#/match-summary/match-statistics/0,EVzK9lmB
EVzK9lmB,Winner,Josh Rock,100
EVzK9lmB,Loser,Rhys Griffin,
EVzK9lmB,Max Checkout,Rhys Griffin,50
EVzK9lmB,Most 180s,Rhys Griffin,50
EVzK9lmB,Total 180s,7,
EVzK9lmB,9-Dart Finish,,250
EVzK9lmB,Highest Average,Josh Rock,50
EVzK9lmB,Legs Winner,Josh Rock,180
EVzK9lmB,Legs Loser,Rhys Griffin,40
EVzK9lmB,Josh Rock,3.0,
EVzK9lmB,Rhys Griffin,4.0,
6oRZrVgB,Game Link,https://www.flashscore.com/match/6oRZrVgB/#/match-summary/match-statistics/0,6oRZrVgB
6oRZrVgB,Winner,Andrew Gilding,100
6oRZrVgB,Loser,Martin Lukeman,
6oRZrVgB,Max Checkout,Martin Lukeman,50
6oRZrVgB,Most 180s,Andrew Gilding,50
6oRZrVgB,Total 180s,6,
6oRZrVgB,9-Dart Finish,,250
6oRZrVgB,Highest Average,Andrew Gilding,50
6oRZrVgB,Legs Winner,Andrew Gilding,180
6oRZrVgB,Legs Loser,Martin Lukeman,140
6oRZrVgB,Andrew Gilding,6.0,
6oRZrVgB,Martin Lukeman,0.0,
phE0IIVr,Game Link,https://www.flashscore.com/match/phE0IIVr/#/match-summary/match-statistics/0,phE0IIVr
phE0IIVr,Winner,Krzysztof Ratajski,100
phE0IIVr,Loser,Alexis Toylo,
phE0IIVr,Max Checkout,Alexis Toylo,50
phE0IIVr,Most 180s,Both,50
phE0IIVr,Total 180s,10,
phE0IIVr,9-Dart Finish,,250
phE0IIVr,Highest Average,Alexis Toylo,50
phE0IIVr,Legs Winner,Krzysztof Ratajski,220
phE0IIVr,Legs Loser,Alexis Toylo,140
phE0IIVr,Krzysztof Ratajski,5.0,
phE0IIVr,Alexis Toylo,5.0,
phE0IIVr,Most 180s,Krzysztof Ratajski,50
phE0IIVr,Most 180s,Alexis Toylo,50
neNA7L5c,Game Link,https://www.flashscore.com/match/neNA7L5c/#/match-summary/match-statistics/0,neNA7L5c
neNA7L5c,Winner,Dimitri Van den Bergh,100
neNA7L5c,Loser,Dylan Slevin,
neNA7L5c,Max Checkout,Dimitri Van den Bergh,50
neNA7L5c,Most 180s,Dimitri Van den Bergh,50
neNA7L5c,Total 180s,9,
neNA7L5c,9-Dart Finish,,250
neNA7L5c,Highest Average,Dimitri Van den Bergh,50
neNA7L5c,Legs Winner,Dimitri Van den Bergh,180
neNA7L5c,Legs Loser,Dylan Slevin,120
neNA7L5c,Dimitri Van den Bergh,6.0,
neNA7L5c,Dylan Slevin,3.0,
UHNQVsGk,Game Link,https://www.flashscore.com/match/UHNQVsGk/#/match-summary/match-statistics/0,UHNQVsGk
UHNQVsGk,Winner,Jeffrey de Graaf,100
UHNQVsGk,Loser,Gary Anderson,
UHNQVsGk,Max Checkout,Gary Anderson,50
UHNQVsGk,Most 180s,Jeffrey de Graaf,50
UHNQVsGk,Total 180s,5,
UHNQVsGk,9-Dart Finish,,250
UHNQVsGk,Highest Average,Jeffrey de Graaf,50
UHNQVsGk,Legs Winner,Jeffrey de Graaf,180
UHNQVsGk,Legs Loser,Gary Anderson,60
UHNQVsGk,Jeffrey de Graaf,3.0,
UHNQVsGk,Gary Anderson,2.0,
hxKRhfFL,Game Link,https://www.flashscore.com/match/hxKRhfFL/#/match-summary/match-statistics/0,hxKRhfFL
hxKRhfFL,Winner,Paolo Nebrida,100
hxKRhfFL,Loser,Ross Smith,
hxKRhfFL,Max Checkout,Paolo Nebrida,50
hxKRhfFL,Most 180s,Both,50
hxKRhfFL,Total 180s,8,
hxKRhfFL,9-Dart Finish,,250
hxKRhfFL,Highest Average,Paolo Nebrida,50
hxKRhfFL,Legs Winner,Paolo Nebrida,180
hxKRhfFL,Legs Loser,Ross Smith,120
hxKRhfFL,Paolo Nebrida,4.0,
hxKRhfFL,Ross Smith,4.0,
hxKRhfFL,Most 180s,Paolo Nebrida,50
hxKRhfFL,Most 180s,Ross Smith,50
E5axpYen,Game Link,https://www.flashscore.com/match/E5axpYen/#/match-summary/match-statistics/0,E5axpYen
E5axpYen,Winner,Callan Rydz,100
E5axpYen,Loser,Martin Schindler,
E5axpYen,Max Checkout,Callan Rydz,50
E5axpYen,Most 180s,Martin Schindler,50
E5axpYen,Total 180s,7,
E5axpYen,9-Dart Finish,,250
E5axpYen,Highest Average,Callan Rydz,50
E5axpYen,Legs Winner,Callan Rydz,180
E5axpYen,Legs Loser,Martin Schindler,60
E5axpYen,Callan Rydz,3.0,
E5axpYen,Martin Schindler,4.0,
